{
  "n_test": 823,
  "iforest": {
    "precision": 0.4,
    "recall": 0.028169014084507043,
    "f1": 0.05263157894736842,
    "roc_auc": 0.8467560683248426,
    "pr_auc": 0.2925475763334943,
    "threshold": 0.8,
    "threshold_source": "config"
  },
  "rl": {
    "precision": 0.0,
    "recall": 0.0,
    "f1": 0.0,
    "roc_auc": 0.14250262211567277,
    "pr_auc": 0.05036298140873813,
    "threshold": 0.5,
    "threshold_source": "config"
  },
  "latency": {
    "iforest_ms_per_event": 8.102369127525774,
    "rl_ms_per_event": 0.04396668655394983,
    "note": "Measured separately including feature extraction for each model"
  }
}