{
  "epochs": [
    {
      "epoch": 0.0,
      "loss": 13.97249462054326,
      "policy_loss": 0.0005969660482011163,
      "value_loss": 27.946625883762653,
      "entropy": 0.14156475167076749,
      "n_batches": 52.0,
      "val_mean_reward": 0.10978353183032263,
      "val_accuracy": 0.9234507897934386
    },
    {
      "epoch": 1.0,
      "loss": 5.980685270749605,
      "policy_loss": -0.008784547689943932,
      "value_loss": 11.979791246927702,
      "entropy": 0.042579315414723866,
      "n_batches": 52.0,
      "val_mean_reward": 0.10978353183032263,
      "val_accuracy": 0.9234507897934386
    },
    {
      "epoch": 2.0,
      "loss": 5.544531019834372,
      "policy_loss": -0.011416612981030574,
      "value_loss": 11.113061703168428,
      "entropy": 0.05832009379250499,
      "n_batches": 52.0,
      "val_mean_reward": 0.10978353183032263,
      "val_accuracy": 0.9234507897934386
    },
    {
      "epoch": 3.0,
      "loss": 5.5185791208193855,
      "policy_loss": -0.004605199783467329,
      "value_loss": 11.047163266402025,
      "entropy": 0.03973268563053212,
      "n_batches": 52.0,
      "val_mean_reward": 0.10978353183032263,
      "val_accuracy": 0.9234507897934386,
      "early_stopped": 1.0
    }
  ],
  "final": {
    "final_threshold": 0.5,
    "threshold_tuned": false
  }
}